frame_idx,filename,timestamp,det_idx,gesture,cls_id,confidence_pct,raw_x,raw_y,raw_w,raw_h
1,frame_20260821_233202_294_f00001.jpg,2026-08-21T23:32:02.301,0,0,0,49.0,0,0,335,251
2,frame_20260821_233202_691_f00002.jpg,2026-08-21T23:32:02.695,0,3,3,49.0,0,0,335,201
3,frame_20260821_233202_970_f00003.jpg,2026-08-21T23:32:02.973,0,3,3,49.0,0,0,335,201
4,frame_20260821_233203_205_f00004.jpg,2026-08-21T23:32:03.207,0,3,3,49.0,0,0,335,201
5,frame_20260821_233203_457_f00005.jpg,2026-08-21T23:32:03.459,0,3,3,49.0,0,0,335,251
6,frame_20260821_233204_453_f00006.jpg,2026-08-21T23:32:04.458,0,0,0,49.0,0,0,335,251
7,frame_20260821_233204_951_f00007.jpg,2026-08-21T23:32:04.955,0,0,0,49.0,0,0,335,251
8,frame_20260821_233205_201_f00008.jpg,2026-08-21T23:32:05.204,0,0,0,49.0,0,0,335,251
9,frame_20260821_233205_962_f00009.jpg,2026-08-21T23:32:05.967,0,0,0,49.0,0,0,335,251
10,frame_20260821_233206_211_f00010.jpg,2026-08-21T23:32:06.215,0,0,0,49.0,0,0,335,251
11,frame_20260821_233206_961_f00011.jpg,2026-08-21T23:32:06.965,0,0,0,49.0,0,0,335,251
12,frame_20260821_233207_460_f00012.jpg,2026-08-21T23:32:07.464,0,0,0,49.0,0,0,335,251
13,frame_20260821_233207_706_f00013.jpg,2026-08-21T23:32:07.711,0,0,0,49.0,0,0,335,251
14,frame_20260821_233207_955_f00014.jpg,2026-08-21T23:32:07.963,0,0,0,49.0,0,0,335,251
15,frame_20260821_233208_453_f00015.jpg,2026-08-21T23:32:08.458,0,0,0,49.0,0,0,335,251
16,frame_20260821_233208_702_f00016.jpg,2026-08-21T23:32:08.707,0,0,0,49.0,0,0,335,251
17,frame_20260821_233209_721_f00017.jpg,2026-08-21T23:32:09.723,0,3,3,49.0,0,0,335,251
18,frame_20260821_233211_966_f00018.jpg,2026-08-21T23:32:11.968,0,3,3,49.0,0,0,335,251
19,frame_20260821_233212_216_f00019.jpg,2026-08-21T23:32:12.218,0,3,3,49.0,0,0,335,251
20,frame_20260821_233212_468_f00020.jpg,2026-08-21T23:32:12.470,0,3,3,49.0,0,0,335,251
21,frame_20260821_233212_719_f00021.jpg,2026-08-21T23:32:12.721,0,3,3,49.0,0,0,335,251
22,frame_20260821_233212_969_f00022.jpg,2026-08-21T23:32:12.971,0,3,3,49.0,0,0,335,251
23,frame_20260821_233213_470_f00023.jpg,2026-08-21T23:32:13.472,0,3,3,49.0,0,0,335,251
24,frame_20260821_233213_720_f00024.jpg,2026-08-21T23:32:13.724,0,3,3,49.0,0,0,335,251
25,frame_20260821_233213_970_f00025.jpg,2026-08-21T23:32:13.973,0,3,3,49.0,0,0,335,251
26,frame_20260821_233214_457_f00026.jpg,2026-08-21T23:32:14.462,0,3,3,49.0,0,0,335,251
27,frame_20260821_233214_724_f00027.jpg,2026-08-21T23:32:14.728,0,3,3,49.0,0,0,335,251
28,frame_20260821_233215_470_f00028.jpg,2026-08-21T23:32:15.475,0,3,3,49.0,0,0,335,251
29,frame_20260821_233216_462_f00029.jpg,2026-08-21T23:32:16.465,0,3,3,49.0,0,0,335,251
30,frame_20260821_233216_715_f00030.jpg,2026-08-21T23:32:16.717,0,3,3,49.0,0,0,335,251
31,frame_20260821_233216_966_f00031.jpg,2026-08-21T23:32:16.971,0,3,3,49.0,0,0,335,251
32,frame_20260821_233217_214_f00032.jpg,2026-08-21T23:32:17.219,0,0,0,49.0,0,0,335,251
33,frame_20260821_233217_462_f00033.jpg,2026-08-21T23:32:17.466,0,0,0,49.0,0,0,335,251
34,frame_20260821_233217_710_f00034.jpg,2026-08-21T23:32:17.715,0,0,0,49.0,67,0,268,251
35,frame_20260821_233217_958_f00035.jpg,2026-08-21T23:32:17.963,0,0,0,49.0,33,0,335,251
36,frame_20260821_233218_208_f00036.jpg,2026-08-21T23:32:18.212,0,0,0,49.0,33,0,335,251
37,frame_20260821_233219_959_f00037.jpg,2026-08-21T23:32:19.961,0,0,0,49.0,0,0,335,251
38,frame_20260821_233220_210_f00038.jpg,2026-08-21T23:32:20.212,0,0,0,49.0,33,0,335,251
39,frame_20260821_233220_712_f00039.jpg,2026-08-21T23:32:20.714,0,0,0,49.0,0,0,335,251
40,frame_20260821_233221_206_f00040.jpg,2026-08-21T23:32:21.207,0,0,0,49.0,33,0,335,251
41,frame_20260821_233221_457_f00041.jpg,2026-08-21T23:32:21.458,0,0,0,49.0,0,0,335,251
42,frame_20260821_233221_707_f00042.jpg,2026-08-21T23:32:21.708,0,0,0,49.0,67,0,268,251
43,frame_20260821_233222_459_f00043.jpg,2026-08-21T23:32:22.461,0,0,0,49.0,0,0,335,251
44,frame_20260821_233233_703_f00044.jpg,2026-08-21T23:32:33.711,0,3,3,49.0,0,0,335,251
45,frame_20260821_233234_452_f00045.jpg,2026-08-21T23:32:34.458,0,3,3,49.0,0,0,335,251
46,frame_20260821_233236_456_f00046.jpg,2026-08-21T23:32:36.457,0,0,0,49.0,0,0,335,251
47,frame_20260821_233236_706_f00047.jpg,2026-08-21T23:32:36.708,0,0,0,49.0,0,0,335,251
48,frame_20260821_233236_956_f00048.jpg,2026-08-21T23:32:36.959,0,0,0,49.0,0,0,335,251
49,frame_20260821_233237_207_f00049.jpg,2026-08-21T23:32:37.210,0,0,0,49.0,0,0,335,251
50,frame_20260821_233237_456_f00050.jpg,2026-08-21T23:32:37.457,0,0,0,49.0,0,0,335,251
51,frame_20260821_233237_691_f00051.jpg,2026-08-21T23:32:37.693,0,0,0,49.0,0,0,335,251
52,frame_20260821_233237_943_f00052.jpg,2026-08-21T23:32:37.945,0,0,0,49.0,0,0,335,251
53,frame_20260821_233238_193_f00053.jpg,2026-08-21T23:32:38.195,0,0,0,49.0,0,0,335,251
54,frame_20260821_233238_441_f00054.jpg,2026-08-21T23:32:38.442,0,0,0,49.0,0,0,335,251
55,frame_20260821_233238_706_f00055.jpg,2026-08-21T23:32:38.709,0,0,0,49.0,0,0,335,251
56,frame_20260821_233240_440_f00056.jpg,2026-08-21T23:32:40.442,0,3,3,49.0,0,0,335,251
57,frame_20260821_233241_452_f00057.jpg,2026-08-21T23:32:41.457,0,3,3,49.0,0,0,335,251
58,frame_20260821_233242_198_f00058.jpg,2026-08-21T23:32:42.199,0,3,3,49.0,0,0,335,251
59,frame_20260821_233242_449_f00059.jpg,2026-08-21T23:32:42.453,0,3,3,49.0,0,0,335,201
